timestamp	seed_hex	key_hex	algorithm	source_file
2021-11-11 20:43:04.4780	26B2	3B05	ME96	uiLog2021-11-11.txt
2021-11-11 20:45:29.6616	26B2	3B05	ME96	uiLog2021-11-11.txt
2021-11-11 22:38:32.8772	26B2	3B05	ME96	uiLog2021-11-11.txt
2024-04-29 12:17:23.2146	5A0C	ED6D	ME96	uiLog2024-04-29.txt
2024-04-29 16:21:52.1202	26B2	3B05	ME96	uiLog2024-04-29.txt
2024-04-29 12:19:01.5574	26B2	3B05	ME96	uiLog2024-04-29.txt
2024-04-29 13:03:53.5770	5A0C	ED6D	ME96	uiLog2024-04-29.txt
2024-04-29 13:44:16.9000	26B2	3B05	ME96	uiLog2024-04-29.txt
2024-04-29 14:56:08.0931	5A0C	ED6D	ME96	uiLog2024-04-29.txt
2024-05-08 20:29:32.0552	26B2	3B05	ME96	uiLog2024-05-08.txt
2024-05-08 20:58:59.9456	26B2	3B05	ME96	uiLog2024-05-08.txt
2024-05-08 21:33:14.5170	26B2	3B05	ME96	uiLog2024-05-08.txt
2024-05-09 11:53:15.1988	5A0C	ED6D	ME96	uiLog2024-05-09.txt
2024-05-09 12:22:25.9208	26B2	3B05	ME96	uiLog2024-05-09.txt
2024-05-21 16:32:25.9621	0CB6	42D1	ME96	uiLog2024-05-21.txt
2024-06-28 18:08:19.7050	569A	0965	ME96	uiLog2024-06-28.txt
2024-06-28 18:55:58.1516	569A	0965	ME96	uiLog2024-06-28.txt
2024-07-02 13:24:24.2836	569A	0965	ME96	uiLog2024-07-02.txt
2024-07-12 15:15:17.3812	9A1E	AE58	T8/01	uiLog2024-07-12.txt
2024-07-12 15:16:05.4383	27D6	6AC6	T8/01	uiLog2024-07-12.txt
2024-07-12 15:19:00.3888	23F5	62A7	T8/01	uiLog2024-07-12.txt
2024-07-12 15:22:23.8243	9A1E	AE58	T8/01	uiLog2024-07-12.txt
2024-07-12 15:34:08.3126	3494	5B2C	T8/01	uiLog2024-07-12.txt
2024-08-24 16:00:47.9197	27D6	6AC6	T8/01	uiLog2024-08-24.txt
2024-08-24 16:10:28.7611	409B	938C	T8/01	uiLog2024-08-24.txt
2024-08-27 18:14:22.1629	409B	938C	T8/01	uiLog2024-08-27.txt
2024-08-27 18:37:19.0427	C4CB	17AE	T8/01	uiLog2024-08-27.txt
2024-08-31 16:38:09.7063	23F5	62A7	T8/01	uiLog2024-08-31.txt
2024-09-21 16:21:59.4092	2CB4	3F11	ME96	uiLog2024-09-21.txt
2024-09-21 16:59:53.3191	1469	A8E0	ME96	uiLog2024-09-21.txt
2024-10-06 14:42:21.2069	A346	EEA2	T8/01	uiLog2024-10-06.txt
2024-10-06 14:43:30.3252	7D45	E572	T8/01	uiLog2024-10-06.txt
2024-10-06 14:44:59.6770	7D45	E572	T8/01	uiLog2024-10-06.txt
2024-10-06 14:54:21.6893	7D45	E572	T8/01	uiLog2024-10-06.txt
2024-10-06 14:56:29.1766	7D45	E572	T8/01	uiLog2024-10-06.txt
2024-10-06 14:57:50.6524	7D45	E572	T8/01	uiLog2024-10-06.txt
2024-10-06 15:01:54.0460	7D45	E572	T8/01	uiLog2024-10-06.txt
2024-10-06 15:12:42.4241	7D45	E572	T8/01	uiLog2024-10-06.txt
2024-10-06 15:13:26.4170	7D45	E572	T8/01	uiLog2024-10-06.txt
2024-10-06 15:31:20.8118	464F	33BA	T8/01	uiLog2024-10-06.txt
2024-10-06 15:33:49.8723	7D45	E572	T8/01	uiLog2024-10-06.txt
2025-01-18 17:01:15.9261	07F3	BCC7	ME96	uiLog2025-01-18.txt
2025-02-04 11:03:14.9072	D60B	1838	T8/01	uiLog2025-02-04.txt
2025-02-04 11:10:00.1051	C760	BFC3	T8/01	uiLog2025-02-04.txt
2025-02-04 11:15:39.3534	7B25	E561	T8/01	uiLog2025-02-04.txt
